mos,month,Date,ukraine,cherkasy,chernihiv,chernivtsi,crimea,dnipropetrovsk,donetsk,ivanoFrankivsk,kharkiv,kherson,khmelnytskyy,kyiv,kyivCity,kirovohrad,lviv,luhansk,mykolayiv,odesa,poltava,rivne,sevastopol,sumy,ternopil,vinnytsya,volyn,zakarpattia,zaporizhzhya,zhytomyr
1,January,1/1/19,0.418861359,0.437253863,0.052987602,0.564925373,0.475092888,0.717879772,0.761876047,0.444756091,0.343994468,0.346647501,0.260155708,0.522903383,14.5884943,0.128273547,1.103087902,0.205530271,0.442560226,0.739244938,0.324394971,0.192522302,3.698379755,0.120540649,0.258572549,0.278508455,0.250618815,0.40960899,0.442959756,0.214362144
2,February,2/1/19,0.370935947,0.743925631,0.183939233,0.49303937,0.332586497,0.630404055,0.601495028,0.396161348,0.434399396,0.106169552,0.25089094,0.750590324,13.31472683,0.234530762,0.712062895,0.188871294,0.182551116,0.336849988,0.375664741,0.195206836,4.106033802,0.194387242,0.25688231,0.208315939,0.139734134,0.445294648,0.226796165,0.196432456
3,March,3/1/19,0.254266083,0.372649342,0.037931018,0.224946052,0.382161736,0.55591166,0.40802753,0.154353455,0.273977399,0.114528462,0.120615758,0.594735622,12.30535889,0.091966525,0.507495701,0.116483383,0.161190674,0.30978629,0.210683107,0.085872136,4.574220181,0.111349486,0.098191172,0.124986559,0.068474516,0.174432606,0.211325899,0.104404576
4,April,4/1/19,0.279275507,0.220202982,0.050514929,0.290720463,0.422197431,0.656734347,0.484423816,0.210490838,0.254775167,0.134781256,0.141685784,0.663897097,12.87399387,0.110190772,0.560105026,0.130495012,0.185898691,0.33864218,0.23215276,0.107504442,4.572664738,0.129435703,0.119781218,0.149816796,0.081317253,0.198881745,0.227765366,0.12475355
5,May,5/1/19,0.325544715,0.267001837,0.062209997,0.402521789,0.391494393,0.759777784,0.526246428,0.241608128,0.330027819,0.145594299,0.238194689,0.647836328,10.71736813,0.193608925,0.547659039,0.144054115,0.241491184,0.357724458,0.313386023,0.131484017,4.12452364,0.187031552,0.234146729,0.207888409,0.121022552,0.286703795,0.241881371,0.111304209
6,June,6/1/19,0.314474032,0.197725378,0.073905066,0.410975695,0.367158979,0.675981462,0.561385185,0.231843695,0.356657938,0.14551013,0.212553375,0.527412266,11.50466538,0.158878047,0.473185241,0.178273373,0.223936186,0.35131006,0.302800387,0.160107844,3.96200943,0.18615822,0.188759119,0.175948471,0.143591523,0.309415594,0.279023886,0.121797368
7,July,7/1/19,0.303403348,0.128448918,0.085600134,0.4194296,0.342823565,0.59218514,0.596523941,0.222079262,0.383288056,0.14542596,0.18691206,0.406988204,12.29196262,0.124147169,0.398711443,0.21249263,0.206381187,0.344895661,0.292214751,0.18873167,3.79949522,0.185284888,0.143371508,0.144008532,0.166160494,0.332127392,0.316166401,0.132290527
8,August,8/1/19,0.374860883,0.166887104,0.097295202,0.381057531,0.363759667,0.575291992,0.506700859,0.372350864,0.346376673,0.149936482,0.164295852,0.487804711,13.134552,0.227898624,0.433653911,0.169180423,0.302498013,0.423690408,0.339502141,0.105177924,4.141482353,0.184411556,0.129730088,0.142078365,0.097807869,0.289509093,0.308557719,0.12517493
9,September,9/1/19,0.446318418,0.205325291,0.090215378,0.342685461,0.358162284,0.558398843,0.416877776,0.522622466,0.309465289,0.118396156,0.141679645,0.568621219,12.73330498,0.331650078,0.468596379,0.125868216,0.207613498,0.337393165,0.386789531,0.211887151,4.141241074,0.148010269,0.116088669,0.140148197,0.307485342,0.246890793,0.201536328,0.118059332
10,October,10/1/19,0.25594604,0.243763477,0.040781699,0.23381649,0.361013979,0.594548762,0.421567857,0.176433697,0.231555924,0.114936553,0.119063437,0.649437726,11.93715096,0.113179773,0.503538847,0.114384234,0.174862787,0.315542251,0.237551853,0.079041705,4.309034824,0.102539487,0.102447249,0.13821803,0.068718925,0.204272494,0.218317896,0.110943735
11,November,11/1/19,0.331618428,0.52575469,0.054917708,0.378021955,0.491943985,0.562875569,0.462476045,0.293438882,0.277221352,0.26548484,0.224768966,0.705358267,11.94961739,0.135590971,0.640272319,0.12669529,0.219427615,0.396785021,0.254443079,0.128346145,4.666688442,0.100922316,0.200848848,0.432218611,0.127273485,0.283909261,0.246692166,0.198518723
12,December,12/1/19,0.350424677,0.510816991,0.0527822,0.372315884,0.494916558,0.833325922,0.514651954,0.324926734,0.47738716,0.200599566,0.207030833,0.695309937,11.8625164,0.196888715,0.706262589,0.217196062,0.241843492,0.337497681,0.298077047,0.089502059,4.544981956,0.122914851,0.192749262,0.188148677,0.082032099,0.312691301,0.328093052,0.117924616
13,January,1/1/20,0.31839785,0.583519757,0.08509241,0.334629834,0.36810264,0.654073596,0.429906428,0.248264,0.395243049,0.130909964,0.165705025,0.730075061,10.13246536,0.183394119,0.620479584,0.150962055,0.199893951,0.31969732,0.348605096,0.106035315,4.670716286,0.128186688,0.144094169,0.248887181,0.098036714,0.326592654,0.209253609,0.152946576
14,February,2/1/20,0.307548314,0.381970763,0.065355442,0.265496969,0.561736047,0.753895044,0.406458348,0.272414744,0.324190915,0.139675871,0.126452252,0.656737864,14.95572758,0.104774311,0.647927046,0.121901393,0.169547081,0.327349514,0.28378576,0.08624509,5.442121029,0.144850761,0.145068452,0.124618046,0.095041692,0.32359767,0.275813013,0.09465158
15,March,3/1/20,0.229086086,0.242059559,0.032569285,0.205275446,0.436413467,0.585290968,0.385405183,0.164745152,0.242583171,0.102758951,0.112295732,0.379114538,12.87831879,0.081816129,0.373045564,0.099939257,0.148444757,0.301110268,0.179677561,0.082938083,4.971563339,0.086532295,0.096221499,0.11979124,0.074926294,0.188319653,0.19446142,0.082189038
16,April,4/1/20,0.23398079,0.131532222,0.040004533,0.220392749,0.385055453,0.586253881,0.427794725,0.162082925,0.229288638,0.115240313,0.116500176,0.436041087,12.52003288,0.101285256,0.358371139,0.106896825,0.175087899,0.319581598,0.20100601,0.086962961,5.301933289,0.100106046,0.096244611,0.128442705,0.081575871,0.192516088,0.211278021,0.083298601
17,May,5/1/20,0.280454963,0.136402652,0.040441162,0.265882045,0.358047992,0.688977897,0.431404531,0.188394055,0.222463414,0.104769982,0.181602046,0.5704813,12.99326706,0.108376876,0.396335334,0.116435789,0.160785198,0.323361516,0.251897335,0.226455495,4.743002415,0.264224797,0.144425526,0.156201541,0.147289559,0.211135775,0.212231457,0.122008868
18,June,6/1/20,0.303046882,0.157355436,0.040877791,0.262023241,0.358145997,0.688093543,0.558296919,0.214485452,0.327154093,0.110112727,0.193719372,0.537935197,13.46651984,0.116205488,0.443280817,0.158724878,0.165460296,0.321150929,0.304164037,0.218816594,4.728546143,0.263630137,0.16139061,0.171746276,0.145725735,0.252011717,0.219098821,0.147857916
19,July,7/1/20,0.325638801,0.178308219,0.04131442,0.258164436,0.358244002,0.687209189,0.685189307,0.240576848,0.431844771,0.115455471,0.205836698,0.505389094,13.93977261,0.124034099,0.490226299,0.201013967,0.170135394,0.318940341,0.356430739,0.211177692,4.71408987,0.263035476,0.178355694,0.187291011,0.14416191,0.292887658,0.225966185,0.173706964
20,August,8/1/20,0.225489765,0.118458934,0.041751049,0.208243832,0.411015153,0.501947522,0.410262823,0.162857294,0.246825472,0.104436897,0.113423705,0.377843529,12.36118126,0.096146807,0.380654633,0.104994535,0.15706636,0.316362649,0.204814747,0.090662435,4.863518715,0.094366722,0.095339984,0.126275897,0.086373985,0.179750398,0.202850029,0.084159859
21,September,9/1/20,0.231836736,0.112674452,0.037572153,0.189855918,0.450193018,0.525331974,0.408677936,0.147218794,0.209029868,0.100847587,0.104743309,0.586818099,12.51747131,0.086833492,0.412348926,0.097700767,0.15340887,0.307881832,0.190405637,0.079583891,4.885645866,0.086853877,0.088266023,0.123108149,0.072421856,0.154551044,0.196768418,0.081782296
22,October,10/1/20,0.2532323,0.223320737,0.040322158,0.217885748,0.453856826,0.611558497,0.409605145,0.147400811,0.244223505,0.092074066,0.115047313,0.684546769,11.66802597,0.089540437,0.497340769,0.103478335,0.146472782,0.286395043,0.19329083,0.091196172,4.704896927,0.096409425,0.097909175,0.12653859,0.078043863,0.206149027,0.188471437,0.133852795
23,November,11/1/20,0.275192142,0.348821461,0.070015624,0.217019662,0.56493187,0.571903229,0.405792981,0.172086358,0.29919371,0.111400351,0.136991352,0.598617196,10.73955917,0.110549293,0.492268324,0.165707827,0.168032855,0.348692745,0.294623613,0.10459388,4.858277798,0.110387705,0.109762095,0.139324829,0.118451126,0.185297579,0.210204259,0.089049183
24,December,12/1/20,0.354318947,0.503929257,0.156196773,0.44809258,0.700090885,0.630514443,0.458910406,0.411422133,0.351499766,0.193941861,0.179256216,0.680531502,11.65464973,0.267878085,0.671145797,0.176701918,0.238029867,0.272208303,0.422308534,0.155500591,5.397294044,0.157485396,0.237195536,0.196370766,0.145873949,0.262151331,0.260954827,0.161902085
25,January,1/1/21,0.389888614,0.470181674,0.129084557,0.42052272,0.658699274,0.699325264,0.526089013,0.459590793,0.454428256,0.149089426,0.256774545,0.652865291,10.73152065,0.147293046,0.808508575,0.26694566,0.249170676,0.414632082,0.513672829,0.177955776,5.852241993,0.212528795,0.194231719,0.24177134,0.154955164,0.414068133,0.319187224,0.197056547
26,February,2/1/21,0.530277491,0.548541188,0.130328432,0.758111835,0.816237152,0.920937419,0.666289926,0.623016238,0.535555422,0.311826944,0.44860965,1.050336838,21.46043205,0.335947156,0.951950252,0.225864723,0.468531847,0.62821728,0.425762951,0.204745919,7.916542053,0.20104146,0.365483522,0.525421083,0.185335144,0.544336319,0.392836094,0.23030448
27,March,3/1/21,0.271401852,0.318092406,0.043673173,0.244435012,0.518119633,0.606009901,0.403214037,0.245929569,0.214576572,0.100722268,0.135967076,0.617137015,13.65625477,0.122930281,0.561088085,0.138050243,0.151113778,0.31643343,0.243487686,0.088676579,5.545110703,0.09782096,0.137465999,0.140517637,0.090294264,0.200446367,0.209551305,0.101194695
28,April,4/1/21,0.273492306,0.285023928,0.043216918,0.256702214,0.544685304,0.657731891,0.405880868,0.220985547,0.220535025,0.116212077,0.150808513,0.602790534,13.60057354,0.108762331,0.541053176,0.115425177,0.158511892,0.312743157,0.240416363,0.096471936,6.286766529,0.089005627,0.131350711,0.156776488,0.094814382,0.213831618,0.20679076,0.092951886
29,May,5/1/21,0.337841094,0.175872728,0.072481252,0.374875993,0.472441494,0.685385883,0.582970917,0.349046916,0.3748312,0.127421886,0.216172978,0.724258304,15.41126633,0.14395079,0.688548028,0.163921311,0.194860086,0.377924502,0.255583167,0.179232359,6.111292362,0.149307743,0.200149074,0.236948609,0.18001689,0.319481999,0.264733106,0.165832147
30,June,6/1/21,0.326798827,0.182969891,0.072078648,0.333541245,0.459319487,0.665963888,0.563432247,0.307839439,0.344501734,0.127287105,0.230302937,0.586024821,14.83872509,0.154368267,0.541194484,0.166739367,0.199769035,0.360430286,0.274879799,0.167015418,5.851176024,0.155237452,0.184512228,0.251123071,0.175629536,0.30950588,0.263281718,0.182556577
31,July,7/1/21,0.315756559,0.190067053,0.071676043,0.292206496,0.44619748,0.646541893,0.543893576,0.266631961,0.314172268,0.127152324,0.244432896,0.447791338,14.26618385,0.164785743,0.393840939,0.169557422,0.204677984,0.342936069,0.29417643,0.154798478,5.591059685,0.16116716,0.168875381,0.265297532,0.171242183,0.299529761,0.26183033,0.199281007
32,August,8/1/21,0.297271788,0.186370358,0.071273439,0.330777615,0.475280493,0.608920157,0.496673405,0.271319747,0.31525293,0.14091678,0.169609711,0.479014397,13.01529789,0.151230469,0.483540446,0.156130776,0.222594529,0.400606662,0.263313293,0.142581537,5.62020874,0.130244792,0.190557808,0.1977382,0.166854829,0.338054329,0.255941689,0.136191621
33,September,9/1/21,0.272266746,0.142280906,0.053055409,0.28517139,0.463295519,0.587088883,0.440626979,0.209229887,0.244371593,0.116816908,0.140436411,0.691732049,12.7218895,0.111238919,0.534483194,0.126414508,0.177453861,0.321107596,0.244511589,0.110488735,5.72750473,0.111003853,0.126775429,0.156057239,0.101024248,0.226710707,0.231616005,0.101105668
34,October,10/1/21,0.284047514,0.180402905,0.045744125,0.272655517,0.500399351,0.646546483,0.453601658,0.201043144,0.265589625,0.123755641,0.148997381,0.693121672,13.44968605,0.123652652,0.554995358,0.119341552,0.186905146,0.348036587,0.234592929,0.107643709,6.109108925,0.097730704,0.125433668,0.171429276,0.102982119,0.238611177,0.24049069,0.100886226
35,November,11/1/21,0.301849186,0.384231687,0.047134373,0.335515499,0.543543756,0.586002946,0.423987746,0.243612453,0.281873226,0.113084018,0.179642901,0.661376476,14.87071609,0.113078319,0.657143712,0.12860842,0.174191833,0.326931387,0.293796182,0.127622351,5.557394981,0.102745898,0.145893753,0.176337123,0.128004253,0.298028469,0.235173926,0.135661885
36,December,12/1/21,0.466391146,0.56407541,0.164829612,0.573968828,0.738327801,1.01812458,0.716685951,0.52322036,0.33566314,0.20615308,0.263884544,0.941856742,15.78148746,0.257606089,1.122081995,0.219291449,0.289351493,0.499276489,0.401317149,0.208887801,6.192101955,0.187912405,0.234695986,0.311993182,0.171417847,0.481727302,0.380731344,0.185697615
37,January,1/1/22,0.592969775,0.620232999,0.228397697,0.649798155,0.754177153,1.149159551,1.254395008,0.653682888,0.580436289,0.187400088,0.273406148,1.182235718,26.18151283,0.306463391,1.223313928,0.47351858,0.281918079,0.466921389,0.473366559,0.2919361,7.492330074,0.163193002,0.314827323,0.30893141,0.458598882,0.519445717,0.595834374,0.258957624
38,February,2/1/22,0.399064571,0.36463204,0.151945323,0.410268694,0.692892253,0.831339657,0.717599392,0.374690354,0.340079844,0.137456283,0.250957817,0.660168827,12.96259499,0.159815058,0.746947706,0.374201864,0.170626238,0.35021919,0.266937315,0.184953094,7.08187151,0.217101634,0.231309265,0.288607687,0.200857446,0.587660789,0.302116156,0.314660311
39,March,3/1/22,0.115156732,0.038327619,0.036884867,0.031421568,0.699030757,0.038040526,0.220593154,0.016992876,0.094848365,0.066577569,0.070746794,0.051852074,5.996212959,0.023945842,0.211546794,0.172259629,0.003899339,0.129953504,0.068494946,0.018101765,6.985512257,0.05469574,0.004987165,0.073002614,0.029325256,0.257352561,0.05677563,0.007210064
40,April,4/1/22,0.124294542,0.082437798,0.061017234,0.039546363,0.774017036,0.030971644,0.208407074,0.019603983,0.019413382,0.08092165,0.065387748,0.165714532,5.673892021,0.03687403,0.209099516,0.114810809,0.017214695,0.145751685,0.080814824,0.021325774,7.145666122,0.031037595,0.004697179,0.105145752,0.03094545,0.284149051,0.074589536,0.020357909
41,May,5/1/22,0.15251556,0.046934798,0.113542087,0.16041705,0.703943551,0.050338082,0.260472715,0.07788486,0.046867721,0.08744403,0.087454237,0.13472122,6.074455261,0.026992241,0.262137115,0.159145579,0.013443852,0.167032301,0.073711216,0.158881113,6.977233887,0.073863856,0.037984271,0.078592449,0.223714024,0.340348721,0.10088627,0.050771285
42,June,6/1/22,0.149552494,0.065289423,0.10428981,0.118480914,0.628381968,0.042090412,0.263545454,0.061332429,0.051639166,0.080779985,0.099364881,0.128687921,6.103517691,0.031750969,0.274463192,0.155625001,0.017667046,0.152253658,0.091792028,0.136732419,6.68903184,0.090797109,0.033043802,0.084284253,0.171928038,0.367539987,0.092413705,0.048852233
43,July,7/1/22,0.146589428,0.083644047,0.095037532,0.076544777,0.552820385,0.033842742,0.266618192,0.044779997,0.056410611,0.074115939,0.111275524,0.122654622,6.132580121,0.036509696,0.286789268,0.152104422,0.02189024,0.137475014,0.10987284,0.114583726,6.400829792,0.107730361,0.028103333,0.089976057,0.120142053,0.394731253,0.083941139,0.04693318
44,August,8/1/22,0.184942707,0.113808788,0.085785255,0.149192199,0.542056322,0.12215855,0.402831495,0.117086485,0.212552205,0.076169498,0.186691612,0.116621323,6.161642551,0.08260233,0.323973089,0.320638657,0.031803031,0.165026531,0.174183682,0.092435032,6.087288857,0.124663614,0.082967326,0.179984182,0.068356067,0.366377115,0.116560899,0.045014128
45,September,9/1/22,0.135876209,0.074140444,0.012182932,0.136724904,0.606023371,0.040938303,0.191803053,0.051010344,0.012816406,0.076920919,0.113201521,0.319662482,6.870476246,0.036244418,0.464709878,0.087607145,0.006138526,0.139969915,0.04797082,0.092061587,6.34317255,0.04122968,0.068273216,0.106742539,0.051400721,0.242501259,0.0697596,0.027332008
46,October,10/1/22,0.106877483,0.053593922,0.001541139,0.031653564,0.66701746,0.046716809,0.166768268,0.012343625,0.005717004,0.059675965,0.060360856,0.220733926,4.751838684,0.015504979,0.356416136,0.083696797,0.002984977,0.135251686,0.03251408,0.044504508,6.274795532,0.002516181,0.008096277,0.051938929,0.026622916,0.188637033,0.069696873,0.005050727
47,November,11/1/22,0.194811195,0.204810709,0.214700535,0.145568922,0.858053088,0.119162455,0.173338518,0.090294413,0.030484686,0.093639195,0.155204117,0.360288173,3.728228807,0.197416291,0.403821081,0.101622328,0.073771909,0.133844897,0.106539503,0.151450276,6.41202879,0.091921419,0.068430811,0.12235041,0.204502493,0.178416044,0.100507565,0.166961446
48,December,12/1/22,0.249387175,0.449582189,0.198828429,0.061400894,1.009325147,0.247431949,0.266709983,0.07846038,0.131693348,0.213800013,0.098793052,0.368537754,3.211557388,0.245266095,0.452052772,0.174901798,0.245771721,0.219388515,0.176226914,0.13468793,6.718532562,0.256572753,0.066992119,0.080561355,0.146761522,0.186802015,0.205151528,0.066098146
49,January,1/1/23,0.490684837,0.714746714,0.371578157,0.523668766,0.954959393,0.474774212,0.5678581,0.408146769,0.517803311,0.224861234,0.460840851,0.521532059,2.956226587,0.50198698,0.75094533,0.616864681,0.373275638,0.353788853,0.457865775,0.33422029,7.033863544,0.451466978,0.54192698,0.538912535,0.284191281,0.458588004,0.358080238,0.33075583
50,February,2/1/23,0.438421547,0.777863801,0.510905564,0.449938685,1.123137355,0.237057209,0.58760643,0.355123192,0.265633792,0.12547642,0.322992831,0.782969892,3.858691692,0.221913606,0.605631053,0.466888219,0.059153531,0.298466027,0.400495499,0.418514103,7.723356724,0.255052,0.296624571,0.537119687,0.353949398,0.502313852,0.252046764,0.445491701
51,March,3/1/23,0.2140273,0.259684414,0.056951012,0.186462492,0.855666399,0.118816964,0.248707816,0.162644967,0.053123835,0.070714965,0.187674373,0.302325845,5.911981583,0.05589648,0.621231794,0.143282831,0.029892232,0.117941372,0.118025541,0.247035086,7.383626938,0.134298861,0.189383626,0.146306798,0.325935215,0.324418396,0.104551144,0.156990901
52,April,4/1/23,0.328452021,0.493507504,0.161239192,0.420430601,0.906519651,0.347931683,0.419589132,0.388052523,0.146867186,0.193475634,0.213474751,0.591661274,6.496463776,0.186649323,0.720700383,0.314258248,0.171359777,0.301565826,0.19042553,0.148411393,6.666800499,0.091097958,0.174416095,0.364028126,0.193186149,0.546100497,0.259242624,0.157294929
53,May,5/1/23,0.352964222,0.356783271,0.226666868,0.485660285,0.845330119,0.369594038,0.411782801,0.251644939,0.227243006,0.136781693,0.446068496,0.477247596,7.627859116,0.24400425,0.551385045,0.37570104,0.092990145,0.250864804,0.326727688,0.341579914,7.10930872,0.237173423,0.297622889,0.283186853,0.270763546,0.6933617,0.240319371,0.274335355
54,June,6/1/23,0.415853754,0.436515153,0.159067354,0.645589218,0.745288819,0.33455652,0.40873006,0.426594988,0.248617605,0.112749286,0.600948141,0.545204968,7.468623162,0.2707811,0.755804211,0.351051003,0.112060189,0.310938552,0.321668923,0.26795735,6.747354746,0.163308434,0.483158931,0.474263042,0.221474049,0.739106507,0.192968495,0.415600434
55,July,7/1/23,0.478743285,0.516247034,0.09146784,0.80551815,0.645247519,0.299519002,0.405677319,0.601545036,0.269992203,0.088716879,0.755827785,0.613162339,7.309387207,0.29755795,0.960223377,0.326400965,0.131130233,0.3710123,0.316610157,0.194334785,6.385400772,0.089443444,0.668694973,0.665339231,0.172184552,0.784851313,0.145617619,0.556865513
56,August,8/1/23,0.157931149,0.103143364,0.023868326,0.2131695,0.696798742,0.162613809,0.243565395,0.074308395,0.01805947,0.07370095,0.16525808,0.152166396,6.833695889,0.0708775,0.358095109,0.109554648,0.046021882,0.172354668,0.076971993,0.120712221,6.597222805,0.015578455,0.067877881,0.151612267,0.122895055,0.302968353,0.120450735,0.052274346
57,September,9/1/23,0.134689614,0.085746512,0.011343152,0.158288151,0.671356738,0.134625077,0.249489814,0.031126441,0.018325018,0.039315838,0.093563363,0.251143396,7.01672554,0.046199605,0.317246944,0.113294914,0.020573549,0.128765687,0.064118907,0.069728173,6.706003666,0.009561684,0.027765622,0.090675168,0.043685339,0.207889497,0.087634467,0.027658086
58,October,10/1/23,0.164800137,0.151642725,0.053494141,0.215136349,0.745965123,0.133870885,0.220620826,0.045458574,0.015486787,0.034439541,0.118740983,0.420503229,6.953320026,0.050466508,0.46934855,0.101661667,0.027274074,0.192991033,0.08869683,0.079606615,6.677910328,0.018222846,0.042791177,0.128400847,0.046515852,0.247313693,0.072243564,0.046550635
59,November,11/1/23,0.327468991,0.445018679,0.160301402,0.411889642,0.94659853,0.350376666,0.376280904,0.252343237,0.25227496,0.146582067,0.209577262,0.530590236,7.232876301,0.271674186,0.681204319,0.429617137,0.200484097,0.449295729,0.243069321,0.114821851,6.660665989,0.249045998,0.147204146,0.203775033,0.082481414,0.301784605,0.221707046,0.094160333
60,December,12/1/23,0.402091175,0.676016688,0.277321547,0.638790965,1.022124767,0.325011134,0.431772143,0.287743241,0.242556497,0.210537374,0.446873099,0.527371705,7.736897945,0.203193054,0.725188851,0.339592695,0.192134351,0.365918547,0.254524082,0.328778058,7.375281334,0.197264075,0.414506376,0.493130744,0.342464775,0.312893629,0.344339073,0.298299611
61,January,1/1/24,0.495634407,0.721795142,0.24160707,0.624720812,1.087233305,0.582406938,0.63048619,0.436435044,0.408738732,0.156083167,0.283339202,0.666754365,9.799685478,0.42433846,0.921899259,0.451003551,0.19319734,0.46526742,0.434303463,0.420786262,7.682507515,0.173382625,0.343466043,0.447145551,0.449290097,0.948102713,0.334392071,0.383545458
62,February,2/1/24,0.210712671,0.515271783,0.045273133,0.19245632,0.801781118,0.17308028,0.230303615,0.055890057,0.067247324,0.055913005,0.122972302,0.344168782,6.447516441,0.094212562,0.520251811,0.157536373,0.118799858,0.298312664,0.114306688,0.061027028,7.127734184,0.160017595,0.034170814,0.236427471,0.044231754,0.260865092,0.095188566,0.096530095
63,March,3/1/24,0.182055175,0.275994927,0.009032894,0.232740521,0.833880007,0.19797264,0.253604233,0.101568677,0.048445389,0.026071934,0.137688801,0.363463372,7.825978756,0.06039476,0.575779974,0.116722636,0.034683943,0.142626822,0.085232124,0.082263596,7.302865982,0.016941624,0.054643624,0.125922099,0.061489198,0.285268337,0.088955209,0.041629847
64,April,4/1/24,0.191164151,0.16486837,0.027155461,0.212028235,0.890366971,0.268883973,0.25306797,0.054858703,0.037787344,0.02882251,0.158862785,0.515766382,7.969936371,0.057980902,0.391974449,0.166291967,0.032655768,0.122820288,0.079456098,0.107616924,7.460946083,0.038627237,0.05543831,0.151001453,0.072074354,0.253459454,0.089473538,0.09496516
65,May,5/1/24,0.224066049,0.133591577,0.19305633,0.106676511,0.645996869,0.275622994,0.300525427,0.093712367,0.054414947,0.022054533,0.178382769,0.5543648,8.426846504,0.062178291,0.31759432,0.149221331,0.024424484,0.12296471,0.123902112,0.420985937,6.765796185,0.067110054,0.052154899,0.142595351,0.363894343,0.317928284,0.082719535,0.246302232
66,June,6/1/24,0.278953075,0.091939498,0.123040332,0.163198147,0.618678033,0.204224617,0.281561494,0.189741079,0.043275426,0.036804941,0.159720421,0.351159886,7.173290491,0.045029395,0.353409335,0.131841895,0.056523848,0.170123175,0.08506209,0.306473673,6.399927139,0.039806074,0.10363181,0.122444541,0.34334667,0.288271099,0.229570076,0.157268141
67,July,7/1/24,NA,0.050287418,0.053024333,0.219719782,0.596286654,0.132826239,0.262597561,0.28576979,0.032135904,0.05792769,0.141058072,0.147954971,5.919734478,0.027880499,0.38922435,0.114462458,0.035831634,0.087340683,0.046222068,0.191961408,5.48981142,0.012502093,0.15510872,0.10229373,0.322798997,0.258613914,0.095899604,0.068234049
68,August,8/1/24,NA,0.024321388,0.002392892,0.03894379,0.492863923,0.077451371,0.176896289,0.018475257,0.006597743,0.014122621,0.041466285,0.071315944,4.468486786,0.017163597,0.082852788,0.070025645,0.008425854,0.061149348,0.036605604,0.040651847,5.149449348,0.001127641,0.012220669,0.040476054,0.026808565,0.084097587,0.047589883,0.012646114