YM2,mos,yemen,abyan,aden,bayda,aldhale,hudaydah,jawf,maharah,mahwit,amran,dhamar,hadramawt,hajjah,ibb,lahj,marib,raymah,saada,sanaaCity,sanaa,shabwah,taizz
1/1/12,1,0.094964733,0.014705658,5.186135189,0.003026107,0.023095683,0.174537397,0.000180451,0.005826669,0.001736665,0.013941019,0.020459563,0.155115741,0.045946352,0.064851235,0.069181613,0.12537697,0.002512014,0.065333137,4.267035281,0.055043058,0.036199391,0.196464226
2/1/12,2,0.096787635,0.014860855,5.56600231,0.015340465,0.043705895,0.170893193,7.42E-05,0.004189488,0.005359674,0.029387596,0.045383924,0.14362736,0.035361826,0.090077195,0.07217556,0.123980903,0.001474443,0.059164494,8.237230111,0.110495763,0.032397586,0.198741681
3/1/12,3,0.109690151,0.018907456,5.810514151,0.040051812,0.086410337,0.223310968,0.000117708,0.004540691,0.060887669,0.079227229,0.084073378,0.140531074,0.056360725,0.188792335,0.098651164,0.12125638,0.001867832,0.060087914,12.78878357,0.192799099,0.029559755,0.247753744
4/1/12,4,0.116145169,0.022002165,5.149248991,0.01932912,0.059064965,0.276895958,0.000796992,0.004487355,0.070060306,0.058855857,0.054831412,0.161495617,0.100407868,0.153539703,0.100380441,0.129091466,0.018302977,0.081195221,10.35471299,0.16207483,0.051577876,0.212602193
5/1/12,5,0.108771493,0.015984207,4.330387062,0.011403176,0.048630137,0.209039092,0.000229712,0.003088468,0.011429586,0.032325448,0.058110502,0.156709429,0.081568412,0.114148272,0.089547102,0.143113469,0.005930039,0.086040447,10.60721433,0.1637347,0.045434977,0.206507904
6/1/12,6,0.123552475,0.024453926,3.00829001,0.013294772,0.044058738,0.217708738,0.000273788,0.006404646,0.009169876,0.025877401,0.058189303,0.182119841,0.085804725,0.14202419,0.15565769,0.208691039,0.006692825,0.085900929,10.6839389,0.203648121,0.040551441,0.26264893
7/1/12,7,0.121716882,0.037427243,3.821178849,0.032353664,0.077521794,0.252338482,0.000481722,0.030769591,0.048879765,0.040448644,0.079616497,0.136393222,0.093256431,0.1560193,0.167118706,0.256585556,0.015388133,0.095318703,12.01606107,0.208217846,0.075393345,0.254132973
8/1/12,8,0.154442539,0.052134096,4.190785678,0.045934297,0.098982981,0.298289769,0.000295567,0.02638382,0.061808777,0.059473629,0.132036982,0.157156182,0.115536483,0.312068427,0.103929225,0.29894409,0.012611797,0.091617444,15.05360716,0.259524058,0.224674695,0.381955632
9/1/12,9,0.134144247,0.035679806,4.217942789,0.019916475,0.058748444,0.250411696,0.000303345,0.009277315,0.027288061,0.077136132,0.084975605,0.151124987,0.081375739,0.143095747,0.117210429,0.191135375,0.002870074,0.085999443,17.18946813,0.287545959,0.156494773,0.280069938
10/1/12,10,0.13324908,0.049223069,6.187897167,0.0499062,0.115104816,0.264857813,0.000255121,0.004424975,0.101966691,0.122540493,0.144027369,0.131135602,0.111607948,0.28675358,0.11676054,0.161595878,0.004301547,0.083885253,19.32074777,0.300109218,0.104020484,0.327791182
11/1/12,11,0.132524039,0.058830724,7.00190641,0.069714362,0.13090494,0.261675493,0.000412237,0.003976458,0.148989542,0.158433751,0.156108598,0.125855852,0.099757282,0.376120098,0.128040185,0.123851577,0.00175841,0.06946153,20.66366509,0.336841376,0.062760539,0.337579035
12/1/12,12,0.124523913,0.057396676,6.927296356,0.051812314,0.099268369,0.250571535,0.000442831,0.003605292,0.108380582,0.137555914,0.117769721,0.128266125,0.075485437,0.293510222,0.107320488,0.122921751,0.001715097,0.063661861,19.94726025,0.311267655,0.038206414,0.299712979
1/1/13,13,0.131678097,0.050969878,6.418370873,0.065178552,0.099823578,0.235822449,0.000413793,0.003739099,0.118098867,0.145429017,0.140752855,0.137236844,0.075863277,0.335858645,0.084983531,0.140571321,0.001037571,0.066968459,20.39604848,0.322734124,0.076573389,0.292156822
2/1/13,14,0.138654804,0.062312601,6.991912182,0.070665744,0.131667705,0.258969739,0.000816178,0.00388507,0.165113395,0.169865828,0.167697004,0.133772847,0.090846762,0.390425202,0.114886364,0.135791174,0.001452599,0.068128281,21.26001052,0.363662826,0.082574571,0.324059901
3/1/13,15,0.141882773,0.059484175,6.484806465,0.064370101,0.116080324,0.248800223,0.000622245,0.004483301,0.141086302,0.171242,0.14934718,0.141243821,0.093036233,0.330699407,0.119181489,0.178041075,0.002373141,0.067278453,21.00215903,0.345136639,0.112716461,0.294821132
4/1/13,16,0.132530669,0.052372158,5.678971692,0.061522657,0.073215027,0.253518567,0.000484314,0.00447176,0.098334515,0.109823336,0.09634748,0.136664079,0.10446652,0.219799061,0.094140316,0.217633397,0.005249918,0.074860995,16.72880464,0.263954093,0.149701342,0.25310537
5/1/13,17,0.13579921,0.061495256,4.702628537,0.0457735,0.054732254,0.267161073,0.000286751,0.004249373,0.071260264,0.103226316,0.062662524,0.146953617,0.13847713,0.118205959,0.097134246,0.210720096,0.003777336,0.087836486,15.00136915,0.271013661,0.209992914,0.173230776
6/1/13,18,0.14110955,0.048330892,3.808795745,0.033819489,0.042911997,0.200051306,0.0003049,0.006052818,0.06165887,0.101151687,0.087458431,0.160288355,0.108292879,0.113419263,0.115761819,0.266332653,0.001847679,0.09254067,16.84375986,0.296567896,0.203037052,0.187384745
7/1/13,19,0.14680729,0.05482207,4.775805951,0.053393484,0.094276671,0.271527833,0.000608763,0.011776613,0.100702973,0.078927274,0.09813558,0.146591068,0.134084994,0.287630322,0.120588722,0.294294472,0.040084196,0.10513565,16.93101634,0.305447356,0.188324871,0.293367369
8/1/13,20,0.136784753,0.055558952,5.129925257,0.044444693,0.046300332,0.200407979,0.000589577,0.0249543,0.072439759,0.079748454,0.060361981,0.135446728,0.072585327,0.159742833,0.10294045,0.211292016,0.001984527,0.071885713,16.84023171,0.243510483,0.254535572,0.204889557
9/1/13,21,0.116593994,0.045853659,5.278336227,0.04439556,0.038169365,0.213210625,0.000463573,0.003195763,0.071664009,0.095649106,0.074606809,0.121508705,0.089928436,0.127223709,0.094069304,0.192147801,0.002642481,0.086494776,16.81542917,0.26180705,0.113229433,0.180503683
10/1/13,22,0.116908481,0.052686748,5.772385902,0.050905599,0.038786841,0.234354809,0.000683433,0.003699799,0.064494681,0.079751194,0.066890179,0.122169062,0.097360124,0.115760891,0.103390975,0.16185962,0.00245331,0.081282291,17.93682823,0.232177248,0.104932174,0.190921382
11/1/13,23,0.120281736,0.060189773,6.593414217,0.041740179,0.068887505,0.244877072,0.000745139,0.003903472,0.061038271,0.119221057,0.105181672,0.120324424,0.0624437,0.210287444,0.108596838,0.154644815,0.001531896,0.063456839,18.40279387,0.230366302,0.100165718,0.233920549
12/1/13,24,0.128514848,0.069302995,7.015742355,0.058932041,0.089316107,0.26358737,0.000775214,0.004242511,0.11113572,0.164239255,0.124373757,0.131515106,0.071406766,0.284809341,0.115752635,0.130793628,0.001911524,0.060538962,18.96080086,0.236278264,0.08686768,0.274985441
1/1/14,25,0.13183514,0.051315036,6.518341995,0.053272886,0.083032379,0.265198957,0.000697433,0.004097788,0.122023388,0.191059025,0.129917955,0.125951128,0.061668001,0.310271927,0.091124835,0.153928411,0.001496287,0.067667175,20.36575341,0.289205816,0.122745558,0.278032446
2/1/14,26,0.123273208,0.060896644,6.201877534,0.035712531,0.055432752,0.243980928,0.000523205,0.004170773,0.06121545,0.111230461,0.099032355,0.11670057,0.050975878,0.222863571,0.086623847,0.167937609,0.002129751,0.065943348,17.90989994,0.256868827,0.154297102,0.258254992
3/1/14,27,0.127080698,0.080263644,7.27437898,0.027706188,0.078201536,0.258362713,0.000848328,0.004643307,0.035373849,0.080768731,0.082664159,0.116186724,0.077232009,0.187916522,0.12534585,0.180275879,0.00274287,0.080450721,18.25913636,0.249257559,0.15831455,0.23546381
4/1/14,28,0.124085611,0.072884162,6.635499721,0.014768743,0.046497509,0.273415441,0.000860254,0.004771188,0.055207316,0.072307532,0.056526362,0.116328786,0.087331098,0.117136862,0.110352438,0.160360074,0.005239934,0.094326625,17.1066877,0.240443296,0.188046317,0.18651662
5/1/14,29,0.108712029,0.068399669,5.554737142,0.015233267,0.030915318,0.28047898,0.000901737,0.004803626,0.041335114,0.056270947,0.03910377,0.111548874,0.130279752,0.075617895,0.112091568,0.206138955,0.012444196,0.120672801,12.35155345,0.19442265,0.091798667,0.165869995
6/1/14,30,0.115852018,0.061476151,4.815366838,0.017069031,0.023858448,0.201582618,0.000703656,0.003322708,0.002822293,0.022179192,0.037451611,0.107838316,0.086262637,0.070704906,0.090660255,0.224536066,0.001777778,0.100421574,11.04428646,0.169354755,0.284079186,0.162966051
7/1/14,31,0.147081871,0.07378208,5.42761713,0.071739714,0.066666667,0.234280433,0.001346642,0.00798317,0.123676013,0.041238541,0.088658108,0.125104012,0.128272946,0.126627243,0.142817143,0.279676483,0.023788497,0.109171739,13.76313849,0.259064815,0.375119227,0.188275141
8/1/14,32,0.11713816,0.076720372,4.804852684,0.022149764,0.043135119,0.198782268,0.000295048,0.008158148,0.02688696,0.067572639,0.044884551,0.097834197,0.066317186,0.103223916,0.119326043,0.203482669,0.014245653,0.082722367,13.12501319,0.179286359,0.284397979,0.200516839
9/1/14,33,0.132617658,0.070898555,5.017735422,0.035187708,0.063257576,0.290168824,0.001325382,0.037514348,0.040600904,0.089753435,0.07162759,0.116676561,0.098005706,0.104232456,0.11249753,0.226973778,0.011365157,0.108323902,11.93075301,0.187791978,0.267464217,0.21330196
10/1/14,34,0.129675795,0.078116284,6.708376658,0.032152668,0.070771067,0.275909734,0.000692766,0.00431113,0.053729625,0.107232623,0.091052847,0.11822875,0.071063958,0.123756842,0.127992424,0.189899788,0.006026345,0.108356706,13.46719328,0.212004857,0.237703162,0.217227538
11/1/14,35,0.124059075,0.074147901,6.724581182,0.018699332,0.050933998,0.268745244,0.00055691,0.003992677,0.015609497,0.077667681,0.078046719,0.119075341,0.057601842,0.148539509,0.117017457,0.192931759,0.004556407,0.078405419,14.45434439,0.186366709,0.194647853,0.233698004
12/1/14,36,0.127989542,0.068301661,7.133044479,0.015447663,0.056351183,0.254295122,0.000498315,0.004269023,0.005953225,0.063925467,0.101488265,0.122878328,0.045125613,0.193797277,0.118417326,0.178734819,0.001572739,0.065170825,17.08367562,0.233640018,0.184208675,0.250200712
1/1/15,37,0.127066045,0.069663122,7.051935284,0.023956495,0.059397053,0.231854256,0.000500907,0.004060671,0.049096386,0.072602704,0.097146128,0.12648893,0.044867881,0.205838086,0.10661726,0.204893291,0.001310616,0.066842166,16.30036861,0.230718184,0.159479332,0.252327372
2/1/15,38,0.127690944,0.07009503,7.113200451,0.017098064,0.052501038,0.252578937,0.000566243,0.004345439,0.034549965,0.078130525,0.105702293,0.122300393,0.070315784,0.178897553,0.103756588,0.188903693,0.002195282,0.073735833,16.20753025,0.238023045,0.178859947,0.251824044
3/1/15,39,0.127028884,0.071559773,5.736221844,0.017149429,0.03869863,0.2274543,0.000522686,0.006462016,0.026399717,0.04708239,0.070275574,0.12674902,0.067758483,0.117754762,0.112332016,0.213183368,0.002086536,0.082072857,12.51400738,0.177974715,0.254479473,0.217522879
4/1/15,40,0.073499225,0.022908998,2.991392254,0.005567591,0.001369863,0.132169538,0.000566243,0.006552157,0.018169738,0.01050962,0.020148827,0.108159029,0.078853468,0.032538113,0.022560936,0.199020278,0.005613805,0.074734702,2.620853078,0.040559695,0.055276197,0.112518719
5/1/15,41,0.040712413,0.006072725,2.034633165,0.002286888,0.000544832,0.054222126,0.000207415,0.002865769,0.001826079,0.002262549,0.001420122,0.063064079,0.038950055,0.001613717,0.006839592,0.172538317,0.003628319,0.045783923,0.345708268,0.003242567,0.023450087,0.036679978
6/1/15,42,0.038024612,0.0064943,1.485499712,0.003600063,0.000856164,0.051054577,0.000135338,0.005900902,0.001059473,0.003946027,0.003219124,0.056980616,0.025818237,0.006283938,0.003068788,0.157749799,0.000890208,0.04713707,0.931174302,0.010222393,0.025610588,0.031777127
7/1/15,43,0.047020709,0.038046233,1.64460203,0.00998727,0.004638854,0.149328218,0.00020223,0.011966177,0.005204127,0.008806662,0.009952297,0.053427522,0.045748674,0.015561822,0.017028216,0.168075123,0.000491148,0.059979662,1.746866772,0.02440618,0.043146605,0.054249322
8/1/15,44,0.037990064,0.009045405,1.830387063,0.002231056,0.000581154,0.066605057,0.000134301,0.003353898,0.000962567,0.001632291,0.001957097,0.054010423,0.020563507,0.000970384,0.011590026,0.172582452,0.000355831,0.041107776,0.366666666,0.0030819,0.032829658,0.031747423
9/1/15,45,0.041028767,0.034736038,2.347371459,0.006347009,0.002801993,0.058112663,0.000240083,0.014876861,0.005599858,0.00451118,0.005364298,0.050160818,0.038291963,0.003498972,0.038106061,0.157366517,0.004390519,0.053190966,0.353291207,0.005519621,0.030239014,0.04656198
10/1/15,46,0.039048999,0.024069286,2.677123049,0.003805525,0.001473641,0.051657943,0.000114597,0.002748182,0.001869242,0.003334027,0.003535505,0.060425513,0.015941848,0.002630048,0.040487484,0.118495202,0.005682575,0.025872165,0.316482361,0.003092265,0.024640361,0.022539517
11/1/15,47,0.047030864,0.036038974,3.855719228,0.006438573,0.001509963,0.045852424,5.86E-05,0.0029085,0.001931254,0.001471812,0.002543135,0.076722491,0.01248874,0.003076147,0.058647892,0.108600363,0.002099824,0.016652725,0.3433386,0.002812094,0.02540546,0.023783278
12/1/15,48,0.053561786,0.055253136,3.784315426,0.004937803,0.00078352,0.04525603,1.30E-05,0.003695121,0.000761871,0.001864275,0.002101562,0.090768083,0.013864979,0.002920982,0.054807312,0.136583555,0.000459669,0.018063278,0.354870986,0.002761847,0.023136269,0.021108569
1/1/16,49,0.049075415,0.037126664,3.631138066,0.002481185,0.000498132,0.041353068,7.83E-05,0.00378183,8.86E-05,0.001092044,0.002041595,0.084991146,0.004659193,0.003041235,0.043664361,0.121760094,5.46E-05,0.006583674,0.342917325,0.002457156,0.025111221,0.016813644
2/1/16,50,0.052514737,0.03861144,4.018139799,0.00304174,0.000809465,0.051327131,0.000113041,0.004368208,0.000611269,0.001518461,0.003268188,0.087891269,0.008207387,0.004069204,0.051259881,0.142882069,5.46E-05,0.009350654,0.418167458,0.003378671,0.024500506,0.019646423
3/1/16,51,0.043216597,0.036432529,2.904390528,0.003608996,0.001328352,0.055537609,0.00025875,0.003720697,0.002356485,0.002581903,0.003178238,0.066484129,0.010624562,0.00497304,0.050316206,0.138254883,0.000273463,0.016965999,0.502053712,0.004733266,0.025362566,0.019958403
4/1/16,52,0.041435754,0.030725339,2.486510694,0.002195324,0.008551266,0.06261823,0.000267565,0.003209487,0.001800196,0.001530825,0.002965628,0.063029952,0.021071464,0.004827319,0.040314559,0.147067145,0.000518194,0.017855854,0.466087415,0.004594863,0.024791411,0.019411337
5/1/16,53,0.042336733,0.019905751,2.018890814,0.003718427,0.001774595,0.073163004,0.000267047,0.00339195,0.005954917,0.003810419,0.005440619,0.059141741,0.048733861,0.008040709,0.03013094,0.172707748,0.001939058,0.034248553,0.593575569,0.008685969,0.03358428,0.035214405
6/1/16,54,0.053378456,0.017969815,2.147487003,0.01846707,0.019489415,0.146802926,0.000704174,0.004011391,0.026481301,0.028068114,0.029481833,0.057316045,0.079113703,0.055744136,0.043415462,0.175397565,0.006487622,0.073081402,4.086413906,0.078387954,0.032474106,0.052423018
7/1/16,55,0.042189248,0.00978157,1.819884392,0.006717735,0.003554379,0.105259642,0.000215193,0.005760252,0.012218938,0.003428437,0.00864884,0.048913471,0.045938642,0.008973363,0.033711622,0.219225737,0.009922201,0.04544157,0.862611901,0.013602165,0.031274242,0.054109218
8/1/16,56,0.043198573,0.014010062,2.216580008,0.003872524,0.002734537,0.073967154,0.000271714,0.002785298,0.001271789,0.002471419,0.006239267,0.068160679,0.021216595,0.007449657,0.033287216,0.14630529,0.000684541,0.032513245,0.741337547,0.010220817,0.024594942,0.020134144
9/1/16,57,0.05017,0.009749854,1.994078568,0.008468633,0.005370486,0.0746688,0.000579207,0.009195227,0.00325124,0.00753455,0.007539455,0.080269009,0.0395556,0.009131464,0.023691016,0.173755881,0.002072305,0.037010612,0.900842549,0.015133907,0.027416777,0.022208315
10/1/16,58,0.051356221,0.014886595,2.094742929,0.008779061,0.006345994,0.084942613,0.0004112,0.0034378,0.00471297,0.005456958,0.009038624,0.091425824,0.03691072,0.01172272,0.027910079,0.131773486,0.005672502,0.027007168,0.799578725,0.012693874,0.018286244,0.025436772
11/1/16,59,0.049660973,0.013375788,2.692605429,0.004004288,0.005401619,0.071663535,0.000295062,0.003407234,0.001833806,0.002676272,0.005279799,0.090293471,0.015657766,0.008293572,0.033115942,0.126082907,0.001016949,0.011222097,0.660979463,0.007259811,0.015351132,0.023178037
12/1/16,60,0.05237351,0.021971135,3.660629697,0.002798312,0.011514114,0.074474661,0.000393052,0.003575973,0.001125089,0.002704108,0.004813694,0.091370149,0.009215794,0.007831956,0.045391963,0.12847964,0.000294889,0.008530565,0.699894682,0.007616737,0.016598026,0.021189684
1/1/17,61,0.053577513,0.020914475,3.565684576,0.003298568,0.003865712,0.069057419,0.000356754,0.003575662,0.000850461,0.00319586,0.005015401,0.093773758,0.011893204,0.008825013,0.038575428,0.147793694,0.000273045,0.009665568,0.756924697,0.009372779,0.016359694,0.021106489
2/1/17,62,0.054352917,0.027866013,2.65046216,0.004401813,0.007331881,0.067216985,0.000415867,0.003544783,0.004402906,0.003523141,0.006808951,0.095268758,0.013136823,0.009026727,0.036470685,0.175976139,0.003669725,0.015689941,0.829331226,0.011173872,0.016299489,0.022450083
3/1/17,63,0.052111127,0.031618162,2.781831309,0.004283449,0.004286011,0.076860236,0.000253046,0.004027922,0.001771793,0.004440978,0.006277428,0.091311817,0.014668201,0.010803367,0.035004941,0.143246175,0.001753617,0.014704194,0.852448657,0.011082416,0.014120399,0.023257072
4/1/17,64,0.055250635,0.031220786,2.29156557,0.00712196,0.006776671,0.095339121,0.000624319,0.004539755,0.005716565,0.007134862,0.008632486,0.095667802,0.043093785,0.013076535,0.030660409,0.15277447,0.001065115,0.024847054,0.969088995,0.014623951,0.016018179,0.026266639
5/1/17,65,0.053671254,0.013965484,2.110947427,0.008281037,0.010175384,0.123719442,0.001304641,0.004526343,0.025831043,0.020725983,0.015752174,0.075423256,0.067593334,0.022840296,0.036767733,0.181464847,0.010415966,0.073266742,1.761137439,0.045684653,0.02014886,0.033812576
6/1/17,66,0.069906632,0.020170668,3.007801207,0.022082766,0.023308427,0.169188476,0.000902256,0.005895912,0.012384752,0.023460655,0.028222531,0.093950183,0.057334101,0.059901685,0.049212728,0.216753705,0.003577778,0.050843872,4.989784102,0.086471365,0.020814841,0.055953251
7/1/17,67,0.054504835,0.020598612,2.116551126,0.009270384,0.00876401,0.089915967,0.000805808,0.00787182,0.046589689,0.010792103,0.013661515,0.080880481,0.065956862,0.024929717,0.039213618,0.199375214,0.024897541,0.058021553,1.139125856,0.027380143,0.019123328,0.03138162
8/1/17,68,0.055234241,0.024757053,2.418746392,0.011802935,0.007736613,0.108357152,0.00127664,0.0199786,0.009879323,0.013534325,0.013890479,0.077662736,0.056773596,0.030189636,0.04679975,0.165428053,0.019272937,0.067199725,1.137493418,0.026378584,0.018531642,0.034301403
9/1/17,69,0.05067353,0.016361205,2.312016178,0.010349063,0.016293068,0.088188793,0.000763288,0.024474443,0.004013467,0.011767156,0.009935399,0.0701384,0.030339806,0.018856434,0.040194012,0.181041637,0.0014922,0.035208057,1.160768824,0.020563796,0.020090361,0.029252253
10/1/17,70,0.054574465,0.026308349,2.515655686,0.011619805,0.018607306,0.090170376,0.001177599,0.0040457,0.010054926,0.017470397,0.012892585,0.087660663,0.053167851,0.017180651,0.041067194,0.156718618,0.008003537,0.040656727,1.180200108,0.023561217,0.018513506,0.02531614
11/1/17,71,0.050358957,0.012532797,2.802339684,0.005654689,0.006927148,0.07583829,0.000798594,0.003836725,0.003747342,0.009446178,0.007367732,0.084145419,0.01886698,0.011078785,0.035693347,0.163512367,0.001335815,0.014290869,0.959978933,0.013477967,0.017681816,0.023884913
12/1/17,72,0.057842622,0.034661141,4.15101098,0.005027134,0.013537775,0.097521088,0.000692295,0.005250583,0.002294472,0.008203328,0.006912719,0.091846625,0.02242925,0.013026107,0.066151186,0.16370924,0.000109337,0.0095934,0.784992101,0.010366456,0.020176672,0.028989185
1/1/18,73,0.057612526,0.026591097,3.983102257,0.002999308,0.015841636,0.073449609,0.000686025,0.006007885,0.001390858,0.008125325,0.005696841,0.096374466,0.011783105,0.009922805,0.065658762,0.154567319,0.000262123,0.010072332,0.812848867,0.011121892,0.019351058,0.026206323
2/1/18,74,0.057085314,0.041896574,4.232264595,0.004363848,0.037883977,0.088146709,0.000823956,0.005810138,0.003118356,0.009872595,0.008389893,0.087197643,0.018328996,0.013933822,0.076859355,0.163380299,0.00066725,0.012529318,0.952975248,0.014593189,0.018527162,0.030967138
3/1/18,75,0.058142817,0.043773801,4.509156559,0.004685441,0.02412308,0.09002749,0.000830179,0.004899692,0.003376462,0.010245795,0.007185106,0.085694462,0.026531378,0.014984282,0.073023716,0.171845931,0.001153719,0.019378701,1.081937863,0.017793594,0.024026192,0.033144759
4/1/18,76,0.058544397,0.042039101,3.129491623,0.004966836,0.008727688,0.095996086,0.001943998,0.00468479,0.005060585,0.010967472,0.007310491,0.086156431,0.039918427,0.014767637,0.067539526,0.189260495,0.005249404,0.028734275,1.174881517,0.018796783,0.037393639,0.034270855
5/1/18,77,0.063050041,0.036581545,3.142114382,0.01289948,0.021092777,0.179053226,0.001445683,0.004901251,0.011343681,0.023380142,0.016376373,0.077200653,0.080119608,0.03630897,0.067763505,0.198935481,0.007091958,0.051696764,3.059926282,0.055182049,0.037325043,0.044089603
6/1/18,78,0.066763865,0.030599249,3.753350673,0.01964178,0.021134288,0.123607983,0.000986777,0.006588025,0.009353349,0.02383471,0.021615286,0.07236896,0.048578721,0.055382288,0.075748641,0.240275404,0.003129252,0.049090522,3.820115848,0.07198568,0.070517336,0.069911301
7/1/18,79,0.062086766,0.019572278,2.214335359,0.005866851,0.009428186,0.072898141,0.00101426,0.011392587,0.001614639,0.01091346,0.011571172,0.071502284,0.035509459,0.017642452,0.05110122,0.259741852,0.001722256,0.038775243,1.172827805,0.025242415,0.121949582,0.074385742
8/1/18,80,0.071983542,0.037074115,2.799710981,0.010090002,0.035907016,0.137665243,0.000837438,0.055798931,0.057191172,0.013180763,0.020181536,0.068908259,0.0585552,0.030892315,0.125427499,0.186140844,0.01881585,0.033536716,1.372248553,0.03169035,0.118061343,0.090329597
9/1/18,81,0.05429638,0.015651786,2.306528021,0.007398888,0.008862599,0.068944042,0.000907441,0.004660462,0.003100638,0.011803714,0.009373893,0.074988027,0.027269543,0.01554366,0.032295784,0.192119069,0.002619021,0.028088045,1.295997893,0.022349516,0.082814532,0.030223803
10/1/18,82,0.058211262,0.022952302,3.576054308,0.006041048,0.021186177,0.088427788,0.000987296,0.003728494,0.005014174,0.013174198,0.008749693,0.075309635,0.024814834,0.014888087,0.058367918,0.189823515,0.002263146,0.033362857,1.269826226,0.023682659,0.084488197,0.033916389
11/1/18,83,0.062970168,0.031346876,4.287319473,0.005143266,0.033514944,0.057624987,0.001018927,0.0045488,0.002542523,0.008054616,0.007343201,0.084857021,0.014813332,0.015737616,0.072476944,0.170343999,0.000855451,0.016372255,1.110953134,0.017989877,0.107156064,0.035555879
12/1/18,84,0.06593868,0.031684392,4.436481808,0.004033321,0.040924658,0.048514882,0.001094115,0.005666974,0.000540397,0.008321847,0.006698291,0.094647577,0.01243369,0.015749253,0.078967391,0.18358955,0,0.010310158,1.146024225,0.016619884,0.093545087,0.032292013
1/1/19,85,0.063269519,0.031748701,4.28523975,0.003691627,0.046118722,0.051927494,0.001083744,0.006133582,0.000372077,0.008283931,0.007048818,0.089050324,0.009528576,0.01594321,0.074774374,0.179994813,0,0.010346242,1.216061084,0.017547327,0.088473733,0.034499334
2/1/19,86,0.073657648,0.036091653,4.708174473,0.005053934,0.049792445,0.057842422,0.001289085,0.006238693,0.001222537,0.01074623,0.008725162,0.089513471,0.016905215,0.016691881,0.069705204,0.223577121,6.55E-05,0.020715446,1.432701421,0.021607666,0.166175013,0.038026206
3/1/19,87,0.068274519,0.027376934,4.475505488,0.005567591,0.031911582,0.055589725,0.001343531,0.006578044,0.000566974,0.010093604,0.008695178,0.083382087,0.010767191,0.017797432,0.059344532,0.215120295,0,0.015830996,1.524697209,0.022489821,0.148817568,0.035750832
4/1/19,88,0.065903637,0.027339999,4.60687464,0.006961163,0.029680365,0.070716138,0.001416645,0.006464512,0.002834869,0.011081643,0.009469294,0.076677417,0.026025923,0.019019357,0.053773057,0.199402327,0.00161784,0.022226049,1.489046865,0.023941783,0.14393124,0.039109817
5/1/19,89,0.091363709,0.032816659,5.90444829,0.027404694,0.033322956,0.162220635,0.002999222,0.01060503,0.027020496,0.034355652,0.037994385,0.085225563,0.085304274,0.081231331,0.086523386,0.234932218,0.004319581,0.075074637,5.121695626,0.089846347,0.185063517,0.088868321
6/1/19,90,0.064660912,0.022416099,3.216522243,0.0101637,0.015172271,0.077282329,0.001114856,0.006140756,0.008310446,0.015433128,0.016229182,0.071724823,0.040533981,0.026962404,0.057991567,0.215296656,0.001521715,0.033684332,1.992259085,0.039551694,0.147750585,0.041943143
7/1/19,91,0.061304245,0.02987324,2.228943245,0.01175459,0.011508925,0.105564035,0.000934924,0.0046274,0.010254817,0.010129226,0.037189136,0.065480179,0.043506656,0.084154764,0.072298356,0.187188222,0.027555087,0.041535863,1.82190627,0.028225048,0.132644743,0.087717117
8/1/19,92,0.068466976,0.015429394,2.903671583,0.007381022,0.005847862,0.062892779,0.000899144,0.013050747,0.001089653,0.010996743,0.011006624,0.073931346,0.023949054,0.018679348,0.044943154,0.279193832,0.000718391,0.0265676,1.88062138,0.026458482,0.169828271,0.066906685
9/1/19,93,0.058224342,0.011048844,2.392056614,0.006018715,0.003263802,0.051675288,0.001180192,0.006539701,0.002108434,0.011253057,0.008877804,0.065486311,0.024194275,0.013712712,0.030066867,0.238594754,0.002101167,0.028955699,1.740179043,0.027854887,0.147741733,0.026285453
10/1/19,94,0.058412973,0.018567153,2.917966489,0.007997409,0.007352636,0.06147359,0.001761473,0.007043716,0.002648831,0.013218929,0.010840352,0.07439661,0.021041437,0.013840723,0.050754282,0.231066599,0.001177909,0.030340009,1.855028962,0.028395105,0.087777819,0.029245008
11/1/19,95,0.064729987,0.023419729,3.099942234,0.008294437,0.005666252,0.08487117,0.001699767,0.007973189,0.003587881,0.012311492,0.013230845,0.083580508,0.031440797,0.017863377,0.056638669,0.246481962,0.001736836,0.023907232,2.335281726,0.031416888,0.090438814,0.034717138
12/1/19,96,0.065791925,0.024236133,3.697198154,0.007240324,0.01180988,0.061812167,0.00163132,0.009571382,0.000726435,0.010715029,0.012295909,0.091651101,0.015714143,0.020121029,0.056775362,0.205943174,0.000218986,0.016982401,2.025171143,0.029612752,0.090205524,0.03468178
1/1/20,97,0.067696576,0.018833344,3.278769501,0.006610537,0.01199149,0.059187414,0.0015105,0.010497736,0.000868179,0.011557462,0.012287731,0.090686915,0.01251126,0.021552426,0.048198287,0.261508442,5.46E-05,0.014589382,2.091521855,0.028725635,0.106089816,0.02781406
2/1/20,98,0.065459924,0.025160797,3.641016753,0.007910311,0.004898298,0.060411263,0.001285974,0.011130588,0.000797307,0.012269891,0.014154878,0.083823018,0.014460515,0.020997711,0.051077075,0.264048481,0,0.020379209,2.244286468,0.033686217,0.08943089,0.034186772
3/1/20,99,0.066992887,0.020500541,2.921981517,0.009020256,0.005401619,0.058833305,0.001042261,0.009814979,0.000868179,0.014976599,0.014934445,0.079787002,0.014538084,0.022491175,0.042579051,0.2666034,0.000163827,0.023812101,2.402001052,0.03706662,0.138517362,0.036593178
4/1/20,100,0.05850173,0.015292619,2.587579434,0.008783527,0.005069531,0.076041748,0.001054187,0.010081656,0.001754075,0.014227759,0.014040396,0.072486445,0.017465719,0.022518329,0.044678854,0.210555169,0,0.020797454,2.290205369,0.031857824,0.099977088,0.039725458
5/1/20,101,0.075117347,0.015372859,3.326603116,0.027643656,0.022436696,0.118792614,0.001600207,0.012748743,0.005341956,0.028634945,0.038882983,0.068924478,0.037301071,0.076195833,0.058768116,0.27026291,0.00083696,0.053261494,6.412427592,0.092903203,0.137096697,0.074811749
6/1/20,102,0.062214506,0.009238549,2.142720974,0.009779962,0.006491283,0.061994844,0.000863884,0.007791661,0.001807389,0.011145899,0.013680595,0.059975422,0.020405865,0.016739709,0.036307485,0.279225862,7.79E-05,0.026190359,2.19210111,0.032532444,0.187537639,0.036554964
7/1/20,103,0.055444212,0.008249379,2.398897912,0.007054961,0.004031756,0.083479933,0.000859217,0.00742239,0.014869855,0.012968125,0.016543203,0.05978118,0.044358357,0.021669192,0.030503813,0.221965856,0.039161578,0.031739081,2.027066877,0.051736784,0.109653956,0.045861186
8/1/20,104,0.058159061,0.009315892,2.098032412,0.010916319,0.008706932,0.064609648,0.001200933,0.006743686,0.00259867,0.015565964,0.021086488,0.057727336,0.03272195,0.02222395,0.037836056,0.265795833,0.00081072,0.040230281,2.272827806,0.038016099,0.142529814,0.040641076
9/1/20,105,0.053146648,0.007533592,2.048815715,0.007901378,0.00724367,0.063174243,0.00125175,0.008050541,0.001417434,0.014867501,0.014413825,0.056059901,0.017976179,0.017933201,0.030524218,0.205359585,0.00156038,0.02333481,2.509531334,0.038052683,0.132116461,0.032415272
10/1/20,106,0.059036517,0.008493918,2.171750435,0.010878353,0.007783313,0.080715051,0.001910812,0.010326501,0.003933381,0.020858034,0.020533159,0.066196979,0.022317586,0.024353156,0.036309289,0.211173863,0.000907883,0.024218865,3.74433913,0.053567592,0.114410862,0.043837355
11/1/20,107,0.061349837,0.008676049,2.564818028,0.009261451,0.007964923,0.082272819,0.001852735,0.011382294,0.003322112,0.018088924,0.019491918,0.074962505,0.019525073,0.02477598,0.043567194,0.21272946,0.000208014,0.019862553,3.056398109,0.04331283,0.104151547,0.046663894
12/1/20,108,0.064713199,0.011686939,2.839659156,0.008957724,0.00737858,0.079356081,0.002096967,0.012121817,0.00188696,0.018949558,0.019254777,0.087510587,0.014943449,0.025063036,0.044598156,0.224798104,0.000120258,0.018647181,2.829594521,0.042635364,0.082058073,0.044396839
1/1/21,109,0.066444317,0.01962962,3.684893121,0.00917212,0.010870693,0.071932222,0.001781177,0.013235936,0.000983345,0.016859074,0.018486112,0.091204183,0.012038335,0.025004849,0.05708004,0.202659875,0,0.016997162,2.730911009,0.039102486,0.078371638,0.043172741
2/1/21,110,0.066167395,0.011076864,3.19927787,0.010451794,0.00567144,0.077524966,0.002165414,0.013765236,0.001302268,0.016385856,0.017303132,0.086989417,0.014538084,0.026494434,0.040825099,0.212586505,0,0.021271466,2.760821486,0.039227237,0.101277816,0.042612313
3/1/21,111,0.06293014,0.008657165,2.522154825,0.010893986,0.008281445,0.086562505,0.00233342,0.014113321,0.002197023,0.018725949,0.020740317,0.078358124,0.020463417,0.030423989,0.040508893,0.226100644,0.00022981,0.027850219,3.117535543,0.048443998,0.089305944,0.052391847
4/1/21,112,0.084891217,0.012196396,3.216002317,0.030604998,0.03122665,0.157430848,0.00435831,0.017465971,0.00984231,0.036105044,0.043843868,0.082983124,0.0535557,0.070786299,0.061189065,0.302634992,0.001691007,0.069223704,5.892364397,0.111394753,0.13519231,0.102676789
5/1/21,113,0.068265714,0.012479144,2.822790294,0.015045671,0.01051785,0.107393371,0.002500907,0.016359338,0.00539511,0.028675207,0.025834764,0.066145177,0.054073667,0.035496761,0.064622657,0.249636285,0.000854029,0.041770408,4.30473934,0.061500286,0.133200115,0.052425427
6/1/21,114,0.065254331,0.009908935,2.343067587,0.013247873,0.007337069,0.079711743,0.001609023,0.012418749,0.004048547,0.019040928,0.021909668,0.063190146,0.028235412,0.030721248,0.043470742,0.295282952,0.000167243,0.03625285,3.235229067,0.05276934,0.151007881,0.044796503
7/1/21,115,0.06795249,0.010875629,2.377874061,0.013267972,0.008784765,0.082601538,0.001527094,0.011752835,0.007671864,0.023255027,0.025338676,0.063136336,0.046033931,0.038955496,0.052272016,0.257438279,0.000791263,0.048787089,3.459557667,0.060314873,0.17606906,0.062266742
8/1/21,116,0.064977136,0.01044413,2.381860195,0.011161981,0.009775841,0.074247107,0.001482499,0.01914958,0.00262551,0.020759348,0.018317115,0.058703803,0.035056551,0.036897047,0.054993412,0.259962981,0.000956938,0.044791616,3.024539232,0.04928877,0.16081102,0.069839717
9/1/21,117,0.062729409,0.008494243,2.202628542,0.01424392,0.011877335,0.087630659,0.001832512,0.010710209,0.004243444,0.026939891,0.023877668,0.060484074,0.038181864,0.03576177,0.045831412,0.278898283,0.001607645,0.056928931,3.457451286,0.058387819,0.125332253,0.049851039
10/1/21,118,0.06987189,0.009823601,2.243327556,0.021537843,0.015613325,0.106543247,0.002488981,0.014428343,0.010418143,0.031750449,0.040848257,0.068954822,0.04086678,0.051301447,0.048534256,0.256644305,0.002433604,0.054234119,5.539757761,0.086263327,0.125747338,0.060983777
11/1/21,119,0.074077483,0.016017526,2.8731658,0.016950667,0.013361353,0.111362542,0.002268603,0.015975696,0.007264352,0.024857641,0.029252869,0.089808818,0.034185767,0.043729392,0.062784914,0.243821033,0.006041735,0.039879283,3.762717221,0.061864333,0.106396572,0.063456739
12/1/21,120,0.069645217,0.016109392,3.072154823,0.013779396,0.010912204,0.10925808,0.001899404,0.016498759,0.004526931,0.0199948,0.024024859,0.093679342,0.027625554,0.037592614,0.054728261,0.214140854,0.000174749,0.030107104,3.348393894,0.051868665,0.067844297,0.061012895
1/1/22,121,0.064544248,0.012588677,2.818948585,0.010786788,0.007269614,0.088454191,0.001476277,0.016261088,0.002710843,0.014664587,0.020972006,0.086641611,0.017072866,0.033500136,0.040017128,0.22199743,5.46E-05,0.024979908,2.760294892,0.04319501,0.071466404,0.053897671
2/1/22,122,0.068275259,0.011578679,2.715684575,0.012542153,0.012764633,0.084624225,0.00104952,0.017415755,0.002613395,0.017230889,0.019039442,0.085812521,0.022405165,0.035307809,0.04472332,0.232016127,0.000294889,0.030937034,2.749552396,0.045745473,0.107643818,0.060133111
3/1/22,123,0.076529501,0.017269312,2.919641826,0.018158876,0.021087588,0.121870875,0.001188488,0.018913203,0.006830262,0.0200026,0.025671219,0.091122505,0.037613852,0.046417627,0.081220356,0.252607378,0.001900393,0.050663452,2.902527646,0.054244278,0.11326964,0.081108569